{"cameraMode":{"drawMode":0,"name":"Shaded","section":"Shading Mode"},"sceneLighting":false,"audioPlay":false,"sceneViewState":{"showFog":true,"showMaterialUpdate":false,"showSkybox":true,"showFlares":true,"showImageEffects":true,"showParticleSystems":true},"in2DMode":false,"pivot":{"x":84.8022232055664,"y":-1.6216257810592652,"z":-91.87976837158203},"rotation":{"x":0.05109059438109398,"y":0.9407323598861694,"z":-0.16419844329357148,"w":0.292513370513916},"size":73.85377502441406,"orthographic":false}